{
  "producto_id": "A3487FE4D9",
  "modelo_especifico": {
    "mae": 60.56887648068368,
    "mse": 3711.72554359526,
    "rmse": 60.923932437058426
  },
  "modelo_general": {
    "mae": 497.27577007818047,
    "mse": 247373.13307231275,
    "rmse": 497.36619614959034
  }
}