{
  "mae": 0.4316192754131226,
  "mse": 721.4494691970361,
  "rmse": 26.859811414025902
}